Order_ID,Order_Date,Customer_ID,Product_Category,Quantity,Price_per_Unit,Sales,Discount,Profit
1,2023-11-24,CUST001,Beauty,3,50,150,0.15,20.82
2,2023-02-27,CUST002,Clothing,2,500,1000,0.1,85.1
3,2023-01-13,CUST003,Electronics,1,30,30,0.0,5.72
4,2023-05-21,CUST004,Clothing,1,500,500,0.1,101.34
5,2023-05-06,CUST005,Beauty,2,50,100,0.0,33.57
6,2023-04-25,CUST006,Beauty,1,30,30,0.15,3.91
7,2023-03-13,CUST007,Clothing,2,25,50,0.1,3.14
8,2023-02-22,CUST008,Electronics,4,25,100,0.0,14.27
9,2023-12-13,CUST009,Electronics,2,300,600,0.0,84.31
10,2023-10-07,CUST010,Clothing,4,50,200,0.15,10.09
11,2023-02-14,CUST011,Clothing,2,50,100,0.0,25.66
12,2023-10-30,CUST012,Beauty,3,25,75,0.2,9.14
13,2023-08-05,CUST013,Electronics,3,500,1500,0.15,-30.46
14,2023-01-17,CUST014,Clothing,4,30,120,0.1,14.46
15,2023-01-16,CUST015,Electronics,4,500,2000,0.0,233.9
16,2023-02-17,CUST016,Clothing,3,500,1500,0.1,224.96
17,2023-04-22,CUST017,Clothing,4,25,100,0.2,1.04
18,2023-04-30,CUST018,Electronics,2,25,50,0.0,8.83
19,2023-09-16,CUST019,Clothing,2,25,50,0.05,10.69
20,2023-11-05,CUST020,Clothing,3,300,900,0.0,186.61
21,2023-01-14,CUST021,Beauty,1,500,500,0.05,123.49
22,2023-10-15,CUST022,Clothing,2,50,100,0.1,10.73
23,2023-04-12,CUST023,Clothing,4,30,120,0.05,19.0
24,2023-11-29,CUST024,Clothing,1,300,300,0.1,45.8
25,2023-12-26,CUST025,Beauty,1,50,50,0.05,15.03
26,2023-10-07,CUST026,Electronics,2,500,1000,0.0,182.98
27,2023-08-03,CUST027,Beauty,2,25,50,0.0,18.09
28,2023-04-23,CUST028,Beauty,1,500,500,0.15,88.13
29,2023-08-18,CUST029,Electronics,1,30,30,0.1,1.98
30,2023-10-29,CUST030,Beauty,3,300,900,0.05,273.68
31,2023-05-23,CUST031,Electronics,4,300,1200,0.15,-33.55
32,2023-01-04,CUST032,Beauty,3,30,90,0.0,35.5
33,2023-03-23,CUST033,Electronics,2,50,100,0.0,15.35
34,2023-12-24,CUST034,Clothing,3,50,150,0.0,36.13
35,2023-08-05,CUST035,Beauty,3,300,900,0.25,22.38
36,2023-06-24,CUST036,Beauty,3,300,900,0.1,225.98
37,2023-05-23,CUST037,Beauty,3,25,75,0.1,20.03
38,2023-03-21,CUST038,Beauty,4,50,200,0.0,69.7
39,2023-04-21,CUST039,Clothing,4,30,120,0.0,34.71
40,2023-06-22,CUST040,Beauty,1,50,50,0.1,8.54
41,2023-02-22,CUST041,Clothing,2,25,50,0.05,9.42
42,2023-02-17,CUST042,Clothing,3,300,900,0.2,7.92
43,2023-07-14,CUST043,Clothing,1,300,300,0.15,14.46
44,2023-02-19,CUST044,Clothing,1,25,25,0.05,6.54
45,2023-07-03,CUST045,Electronics,1,30,30,0.1,0.84
46,2023-06-26,CUST046,Electronics,4,300,1200,0.25,-60.0
47,2023-11-06,CUST047,Beauty,3,500,1500,0.05,436.17
48,2023-05-16,CUST048,Electronics,3,300,900,0.1,-27.08
49,2023-01-23,CUST049,Electronics,2,500,1000,0.2,-50.0
50,2023-08-24,CUST050,Beauty,3,25,75,0.0,28.46
51,2023-10-02,CUST051,Beauty,3,25,75,0.2,6.83
52,2023-03-05,CUST052,Beauty,1,300,300,0.0,97.54
53,2023-07-13,CUST053,Electronics,2,50,100,0.1,6.93
54,2023-02-10,CUST054,Electronics,3,500,1500,0.15,15.31
55,2023-10-10,CUST055,Beauty,4,30,120,0.1,29.46
56,2023-05-31,CUST056,Clothing,3,300,900,0.05,158.71
57,2023-11-18,CUST057,Beauty,1,30,30,0.1,6.68
58,2023-11-13,CUST058,Clothing,4,300,1200,0.0,271.05
59,2023-07-05,CUST059,Clothing,1,50,50,0.0,11.01
60,2023-10-23,CUST060,Beauty,3,50,150,0.0,47.8
61,2023-04-09,CUST061,Beauty,4,50,200,0.1,42.29
62,2023-12-27,CUST062,Beauty,2,50,100,0.05,25.9
63,2023-02-05,CUST063,Electronics,2,25,50,0.0,5.15
64,2023-01-24,CUST064,Clothing,4,25,100,0.2,1.66
65,2023-12-05,CUST065,Electronics,4,500,2000,0.05,194.08
66,2023-04-27,CUST066,Electronics,1,30,30,0.05,4.23
67,2023-05-29,CUST067,Beauty,4,300,1200,0.05,323.94
68,2023-02-10,CUST068,Electronics,1,300,300,0.0,47.66
69,2023-04-30,CUST069,Beauty,3,25,75,0.1,17.95
70,2023-02-21,CUST070,Clothing,1,300,300,0.05,54.72
71,2023-07-14,CUST071,Beauty,4,25,100,0.0,37.23
72,2023-05-23,CUST072,Electronics,4,500,2000,0.25,-100.0
73,2023-08-21,CUST073,Electronics,3,30,90,0.15,-1.82
74,2023-11-22,CUST074,Beauty,4,500,2000,0.1,444.66
75,2023-07-06,CUST075,Beauty,4,50,200,0.15,31.85
76,2023-03-25,CUST076,Electronics,2,50,100,0.2,-5.0
77,2023-07-09,CUST077,Clothing,2,50,100,0.05,16.58
78,2023-07-01,CUST078,Clothing,3,500,1500,0.1,167.01
79,2023-04-18,CUST079,Beauty,1,300,300,0.1,58.88
80,2023-12-10,CUST080,Clothing,2,30,60,0.0,15.79
81,2023-05-17,CUST081,Electronics,1,50,50,0.0,9.29
82,2023-12-26,CUST082,Beauty,4,50,200,0.0,64.55
83,2023-12-16,CUST083,Electronics,2,50,100,0.1,3.85
84,2023-11-28,CUST084,Electronics,3,30,90,0.15,-4.5
85,2023-02-06,CUST085,Clothing,3,50,150,0.15,9.13
86,2023-11-08,CUST086,Beauty,3,30,90,0.05,24.24
87,2023-11-22,CUST087,Beauty,2,50,100,0.0,36.81
88,2023-03-29,CUST088,Clothing,1,500,500,0.05,84.82
89,2023-10-01,CUST089,Electronics,4,500,2000,0.05,240.7
90,2023-05-06,CUST090,Electronics,1,30,30,0.2,-1.5
91,2023-03-25,CUST091,Electronics,1,500,500,0.15,-24.74
92,2023-08-25,CUST092,Electronics,4,30,120,0.2,-6.0
93,2023-07-14,CUST093,Beauty,4,500,2000,0.15,355.19
94,2023-05-19,CUST094,Beauty,2,500,1000,0.25,76.86
95,2023-11-24,CUST095,Clothing,2,30,60,0.05,11.89
96,2023-12-19,CUST096,Clothing,2,300,600,0.0,190.3
97,2023-10-13,CUST097,Beauty,2,500,1000,0.0,392.89
98,2023-04-23,CUST098,Beauty,2,50,100,0.05,28.08
99,2023-12-17,CUST099,Electronics,4,300,1200,0.0,168.55
100,2023-06-16,CUST100,Electronics,1,30,30,0.0,4.92
101,2023-01-29,CUST101,Clothing,2,300,600,0.2,-9.08
102,2023-04-28,CUST102,Beauty,2,25,50,0.0,19.25
103,2023-01-17,CUST103,Clothing,1,25,25,0.2,0.52
104,2023-06-11,CUST104,Beauty,2,500,1000,0.15,177.69
105,2023-07-25,CUST105,Electronics,1,500,500,0.1,25.3
106,2023-05-18,CUST106,Clothing,1,50,50,0.1,9.08
107,2023-02-03,CUST107,Clothing,4,300,1200,0.05,234.15
108,2023-04-19,CUST108,Beauty,3,25,75,0.1,17.0
109,2023-10-18,CUST109,Electronics,4,500,2000,0.0,390.52
110,2023-06-11,CUST110,Clothing,3,300,900,0.2,35.12
111,2023-04-19,CUST111,Electronics,3,500,1500,0.05,120.56
112,2023-12-02,CUST112,Clothing,3,500,1500,0.0,375.23
113,2023-09-13,CUST113,Electronics,2,25,50,0.1,1.79
114,2023-07-22,CUST114,Beauty,4,25,100,0.1,24.09
115,2023-11-26,CUST115,Clothing,3,500,1500,0.05,223.95
116,2023-08-23,CUST116,Clothing,1,30,30,0.1,2.51
117,2023-03-15,CUST117,Electronics,2,500,1000,0.0,123.38
118,2023-05-16,CUST118,Electronics,4,500,2000,0.1,2.12
119,2023-03-13,CUST119,Clothing,3,50,150,0.0,34.6
120,2023-05-07,CUST120,Beauty,1,50,50,0.0,18.45
121,2023-10-15,CUST121,Electronics,4,50,200,0.0,28.99
122,2023-10-03,CUST122,Electronics,4,30,120,0.05,11.51
123,2023-05-15,CUST123,Electronics,2,30,60,0.05,3.2
124,2023-10-27,CUST124,Clothing,4,500,2000,0.05,352.3
125,2023-08-08,CUST125,Clothing,2,50,100,0.0,26.76
126,2023-10-26,CUST126,Clothing,3,30,90,0.0,24.11
127,2023-07-24,CUST127,Clothing,2,25,50,0.05,8.41
128,2023-07-05,CUST128,Beauty,1,500,500,0.0,177.42
129,2023-04-23,CUST129,Beauty,2,300,600,0.1,177.58
130,2023-03-12,CUST130,Clothing,1,500,500,0.2,4.74
131,2023-09-18,CUST131,Beauty,2,300,600,0.05,161.52
132,2023-09-10,CUST132,Electronics,4,50,200,0.2,-10.0
133,2023-02-16,CUST133,Electronics,3,300,900,0.0,137.49
134,2023-01-25,CUST134,Electronics,1,50,50,0.0,7.27
135,2023-02-26,CUST135,Clothing,2,25,50,0.1,6.45
136,2023-03-20,CUST136,Electronics,2,300,600,0.15,-30.0
137,2023-11-18,CUST137,Beauty,2,500,1000,0.15,141.12
138,2023-03-23,CUST138,Clothing,4,50,200,0.0,49.1
139,2023-12-15,CUST139,Beauty,4,500,2000,0.15,330.08
140,2023-08-05,CUST140,Electronics,1,30,30,0.05,2.19
141,2023-11-02,CUST141,Electronics,1,50,50,0.05,4.23
142,2023-02-02,CUST142,Electronics,4,300,1200,0.0,182.2
143,2023-07-17,CUST143,Clothing,1,50,50,0.25,-1.17
144,2023-07-15,CUST144,Beauty,3,500,1500,0.0,520.54
145,2023-11-02,CUST145,Clothing,3,25,75,0.15,6.15
146,2023-08-28,CUST146,Clothing,4,50,200,0.1,22.75
147,2023-09-28,CUST147,Electronics,1,300,300,0.1,14.15
148,2023-05-09,CUST148,Clothing,2,30,60,0.1,8.48
149,2023-10-11,CUST149,Clothing,3,25,75,0.15,7.2
150,2023-01-06,CUST150,Electronics,4,30,120,0.0,20.57
151,2023-12-15,CUST151,Clothing,1,50,50,0.0,13.38
152,2023-02-28,CUST152,Electronics,4,500,2000,0.1,54.09
153,2023-12-16,CUST153,Electronics,2,500,1000,0.05,97.35
154,2023-10-02,CUST154,Electronics,3,300,900,0.0,163.71
155,2023-05-17,CUST155,Electronics,4,500,2000,0.0,260.88
156,2023-11-25,CUST156,Clothing,4,25,100,0.05,17.11
157,2023-06-24,CUST157,Electronics,4,500,2000,0.0,310.89
158,2023-02-27,CUST158,Electronics,2,300,600,0.0,97.48
159,2023-05-31,CUST159,Clothing,4,50,200,0.2,-2.94
160,2023-08-11,CUST160,Clothing,2,50,100,0.05,18.78
161,2023-03-22,CUST161,Beauty,2,500,1000,0.25,47.18
162,2023-08-21,CUST162,Clothing,2,30,60,0.25,-3.0
163,2023-01-02,CUST163,Clothing,3,50,150,0.0,36.51
164,2023-05-15,CUST164,Beauty,3,500,1500,0.1,337.92
165,2023-09-14,CUST165,Clothing,4,300,1200,0.1,150.23
166,2023-04-02,CUST166,Clothing,4,500,2000,0.1,344.95
167,2023-09-17,CUST167,Clothing,3,50,150,0.0,32.03
168,2023-02-24,CUST168,Clothing,1,300,300,0.0,67.58
169,2023-11-17,CUST169,Beauty,3,500,1500,0.0,407.45
170,2023-06-02,CUST170,Clothing,2,25,50,0.1,5.78
171,2023-11-24,CUST171,Clothing,3,300,900,0.25,-45.0
172,2023-09-17,CUST172,Beauty,2,25,50,0.1,10.74
173,2023-11-08,CUST173,Electronics,4,30,120,0.1,7.59
174,2023-04-12,CUST174,Beauty,1,300,300,0.25,22.75
175,2023-03-20,CUST175,Electronics,4,25,100,0.1,3.23
176,2023-07-11,CUST176,Beauty,2,50,100,0.0,33.89
177,2023-03-24,CUST177,Beauty,2,50,100,0.15,20.08
178,2023-10-04,CUST178,Clothing,2,30,60,0.05,11.36
179,2023-09-29,CUST179,Electronics,1,300,300,0.0,37.64
180,2023-01-01,CUST180,Clothing,3,300,900,0.05,124.66
181,2023-11-03,CUST181,Electronics,4,300,1200,0.2,-60.0
182,2023-06-15,CUST182,Beauty,4,30,120,0.0,44.72
183,2023-09-08,CUST183,Beauty,3,300,900,0.05,322.47
184,2023-01-10,CUST184,Electronics,4,50,200,0.0,30.37
185,2023-02-27,CUST185,Clothing,1,25,25,0.0,5.68
186,2023-07-05,CUST186,Clothing,4,50,200,0.0,42.89
187,2023-06-07,CUST187,Clothing,2,50,100,0.1,14.66
188,2023-05-03,CUST188,Clothing,3,25,75,0.15,1.28
189,2023-01-30,CUST189,Beauty,1,50,50,0.0,18.33
190,2023-05-04,CUST190,Beauty,3,30,90,0.0,33.71
191,2023-10-18,CUST191,Beauty,1,25,25,0.0,9.08
192,2023-02-10,CUST192,Beauty,2,50,100,0.0,34.34
193,2023-02-13,CUST193,Beauty,3,500,1500,0.1,370.42
194,2023-09-06,CUST194,Clothing,4,50,200,0.1,27.03
195,2023-02-05,CUST195,Clothing,1,30,30,0.1,3.2
196,2023-09-30,CUST196,Clothing,3,300,900,0.05,220.96
197,2023-03-06,CUST197,Clothing,4,50,200,0.1,23.89
198,2023-03-07,CUST198,Beauty,3,300,900,0.0,335.95
199,2023-12-04,CUST199,Beauty,3,500,1500,0.0,416.16
200,2023-09-01,CUST200,Beauty,3,50,150,0.2,22.24
201,2023-10-09,CUST201,Electronics,1,25,25,0.15,0.35
202,2023-03-26,CUST202,Clothing,4,300,1200,0.2,13.07
203,2023-05-16,CUST203,Clothing,2,500,1000,0.2,26.76
204,2023-09-28,CUST204,Beauty,1,25,25,0.1,6.17
205,2023-11-07,CUST205,Clothing,1,25,25,0.2,-0.23
206,2023-08-05,CUST206,Clothing,1,25,25,0.05,5.16
207,2023-04-19,CUST207,Beauty,2,25,50,0.0,16.29
208,2023-10-04,CUST208,Electronics,4,50,200,0.0,26.35
209,2023-12-20,CUST209,Electronics,4,50,200,0.0,36.76
210,2023-04-13,CUST210,Electronics,4,50,200,0.0,35.85
211,2024-01-01,CUST211,Beauty,3,500,1500,0.05,403.21
212,2023-06-09,CUST212,Clothing,3,500,1500,0.1,161.99
213,2023-07-24,CUST213,Beauty,3,500,1500,0.15,225.95
214,2023-12-10,CUST214,Beauty,2,30,60,0.1,15.12
215,2023-11-29,CUST215,Clothing,3,500,1500,0.0,330.0
216,2023-07-11,CUST216,Electronics,2,50,100,0.1,4.07
217,2023-08-13,CUST217,Electronics,4,50,200,0.05,22.48
218,2023-09-22,CUST218,Beauty,3,30,90,0.0,31.26
219,2023-08-20,CUST219,Electronics,3,30,90,0.0,16.23
220,2023-03-03,CUST220,Beauty,1,500,500,0.05,140.44
221,2023-05-07,CUST221,Beauty,2,300,600,0.0,206.15
222,2023-04-26,CUST222,Clothing,4,30,120,0.15,4.88
223,2023-02-02,CUST223,Clothing,1,25,25,0.15,2.51
224,2023-06-23,CUST224,Clothing,1,50,50,0.1,5.35
225,2023-01-11,CUST225,Beauty,4,25,100,0.0,36.05
226,2023-10-29,CUST226,Clothing,1,50,50,0.15,3.39
227,2023-10-11,CUST227,Electronics,2,50,100,0.1,-0.16
228,2023-04-28,CUST228,Electronics,2,30,60,0.0,7.9
229,2023-10-29,CUST229,Beauty,3,30,90,0.1,24.43
230,2023-04-23,CUST230,Beauty,1,25,25,0.05,7.4
231,2023-01-04,CUST231,Clothing,3,50,150,0.05,23.96
232,2023-02-06,CUST232,Beauty,1,25,25,0.0,8.98
233,2023-12-29,CUST233,Beauty,2,300,600,0.05,171.37
234,2023-11-20,CUST234,Electronics,2,25,50,0.0,12.68
235,2023-01-31,CUST235,Electronics,2,500,1000,0.0,158.55
236,2023-04-28,CUST236,Clothing,1,25,25,0.0,5.96
237,2023-02-04,CUST237,Beauty,2,500,1000,0.2,152.6
238,2023-01-17,CUST238,Beauty,1,500,500,0.0,147.38
239,2023-06-19,CUST239,Electronics,3,500,1500,0.05,139.24
240,2023-02-06,CUST240,Beauty,1,300,300,0.05,104.95
241,2023-09-21,CUST241,Electronics,3,25,75,0.2,-3.75
242,2023-05-02,CUST242,Clothing,1,25,25,0.1,1.95
243,2023-05-23,CUST243,Electronics,3,300,900,0.2,-45.0
244,2023-12-09,CUST244,Beauty,2,50,100,0.0,39.36
245,2023-09-06,CUST245,Clothing,3,30,90,0.0,23.52
246,2023-04-20,CUST246,Electronics,2,25,50,0.1,0.24
247,2023-10-04,CUST247,Electronics,2,30,60,0.05,4.17
248,2023-03-09,CUST248,Clothing,3,300,900,0.15,47.89
249,2023-10-20,CUST249,Clothing,1,50,50,0.15,4.04
250,2023-10-23,CUST250,Electronics,1,50,50,0.05,6.51
251,2023-08-31,CUST251,Beauty,4,50,200,0.25,16.31
252,2023-05-05,CUST252,Electronics,1,300,300,0.1,13.1
253,2023-08-31,CUST253,Clothing,4,500,2000,0.0,420.1
254,2023-07-28,CUST254,Electronics,1,500,500,0.05,25.08
255,2023-04-08,CUST255,Clothing,1,30,30,0.0,7.98
256,2023-02-18,CUST256,Clothing,2,500,1000,0.15,29.64
257,2023-02-19,CUST257,Beauty,4,500,2000,0.0,686.47
258,2023-12-04,CUST258,Clothing,1,50,50,0.05,9.96
259,2023-08-09,CUST259,Clothing,4,50,200,0.1,19.17
260,2023-07-01,CUST260,Beauty,2,30,60,0.0,19.16
261,2023-08-05,CUST261,Clothing,2,25,50,0.0,12.36
262,2023-07-30,CUST262,Beauty,4,30,120,0.1,29.41
263,2023-08-28,CUST263,Beauty,2,30,60,0.0,22.91
264,2023-01-28,CUST264,Clothing,3,300,900,0.05,187.39
265,2023-12-11,CUST265,Clothing,3,300,900,0.05,172.99
266,2023-12-01,CUST266,Electronics,2,30,60,0.0,7.66
267,2023-11-27,CUST267,Beauty,3,30,90,0.0,28.61
268,2023-02-20,CUST268,Electronics,1,30,30,0.15,-1.36
269,2023-02-01,CUST269,Clothing,4,500,2000,0.2,44.6
270,2023-07-26,CUST270,Electronics,1,300,300,0.0,48.03
271,2023-06-23,CUST271,Beauty,4,30,120,0.2,5.64
272,2023-02-25,CUST272,Electronics,2,50,100,0.1,0.64
273,2023-05-08,CUST273,Beauty,1,50,50,0.1,13.31
274,2023-04-09,CUST274,Clothing,2,500,1000,0.1,132.38
275,2023-04-08,CUST275,Clothing,2,500,1000,0.1,87.49
276,2023-10-02,CUST276,Beauty,4,25,100,0.15,24.07
277,2023-08-18,CUST277,Clothing,4,25,100,0.05,18.91
278,2023-03-13,CUST278,Clothing,4,25,100,0.05,20.15
279,2023-08-05,CUST279,Clothing,1,500,500,0.05,100.99
280,2023-04-04,CUST280,Clothing,3,500,1500,0.0,358.46
281,2023-05-23,CUST281,Beauty,4,500,2000,0.1,416.35
282,2023-08-25,CUST282,Electronics,4,50,200,0.0,42.73
283,2023-05-08,CUST283,Electronics,1,500,500,0.0,90.05
284,2023-02-08,CUST284,Clothing,4,50,200,0.0,54.93
285,2023-08-15,CUST285,Electronics,1,25,25,0.0,4.18
286,2023-10-09,CUST286,Electronics,2,25,50,0.1,-0.0
287,2023-02-20,CUST287,Clothing,4,25,100,0.1,16.83
288,2023-01-26,CUST288,Clothing,4,30,120,0.05,19.76
289,2023-11-30,CUST289,Electronics,2,30,60,0.0,9.51
290,2023-10-04,CUST290,Beauty,2,300,600,0.05,144.49
291,2023-01-08,CUST291,Clothing,2,300,600,0.05,77.26
292,2023-02-17,CUST292,Beauty,4,300,1200,0.1,287.46
293,2023-05-02,CUST293,Electronics,3,30,90,0.1,0.52
294,2023-03-27,CUST294,Clothing,3,30,90,0.05,11.73
295,2023-07-28,CUST295,Beauty,3,300,900,0.05,275.6
296,2023-09-06,CUST296,Clothing,4,300,1200,0.25,16.32
297,2023-09-04,CUST297,Electronics,2,500,1000,0.15,11.69
298,2023-04-20,CUST298,Beauty,4,300,1200,0.05,338.74
299,2023-07-25,CUST299,Electronics,2,500,1000,0.05,90.27
300,2023-01-31,CUST300,Electronics,4,50,200,0.0,35.33
301,2023-03-26,CUST301,Clothing,4,30,120,0.2,5.24
302,2023-07-14,CUST302,Beauty,2,300,600,0.05,167.82
303,2023-01-02,CUST303,Electronics,3,30,90,0.0,13.59
304,2023-07-19,CUST304,Electronics,2,30,60,0.25,-3.0
305,2023-05-16,CUST305,Beauty,1,30,30,0.1,7.4
306,2023-08-21,CUST306,Electronics,1,50,50,0.0,7.3
307,2023-05-27,CUST307,Electronics,2,25,50,0.0,7.32
308,2023-08-05,CUST308,Beauty,4,300,1200,0.0,469.67
309,2023-12-23,CUST309,Beauty,1,25,25,0.1,6.66
310,2023-10-12,CUST310,Beauty,1,25,25,0.0,9.11
311,2023-12-05,CUST311,Beauty,4,25,100,0.2,16.16
312,2023-09-07,CUST312,Clothing,4,30,120,0.2,-0.19
313,2023-03-21,CUST313,Beauty,3,500,1500,0.05,508.03
314,2023-04-08,CUST314,Clothing,4,30,120,0.1,17.55
315,2023-06-01,CUST315,Clothing,2,30,60,0.0,20.89
316,2023-04-22,CUST316,Clothing,2,25,50,0.0,10.71
317,2023-01-30,CUST317,Electronics,3,30,90,0.1,0.84
318,2023-10-24,CUST318,Clothing,1,25,25,0.0,6.56
319,2023-10-05,CUST319,Clothing,1,500,500,0.0,130.96
320,2023-02-01,CUST320,Electronics,4,300,1200,0.05,178.21
321,2023-06-10,CUST321,Electronics,2,25,50,0.0,6.5
322,2023-01-30,CUST322,Electronics,1,500,500,0.05,58.57
323,2023-01-26,CUST323,Beauty,3,300,900,0.1,238.39
324,2023-10-27,CUST324,Electronics,3,50,150,0.15,-1.33
325,2023-09-02,CUST325,Electronics,2,25,50,0.1,0.06
326,2023-09-15,CUST326,Clothing,3,25,75,0.15,8.42
327,2023-09-29,CUST327,Electronics,3,50,150,0.05,19.03
328,2023-03-22,CUST328,Beauty,2,50,100,0.15,18.8
329,2023-01-30,CUST329,Electronics,4,25,100,0.05,9.61
330,2023-09-18,CUST330,Beauty,4,50,200,0.0,71.36
331,2023-02-11,CUST331,Electronics,3,30,90,0.2,-4.5
332,2023-04-06,CUST332,Electronics,4,300,1200,0.0,203.07
333,2023-02-05,CUST333,Electronics,4,300,1200,0.0,181.12
334,2023-11-01,CUST334,Electronics,3,300,900,0.0,112.09
335,2023-02-04,CUST335,Beauty,4,30,120,0.05,31.03
336,2023-12-12,CUST336,Beauty,3,50,150,0.05,40.12
337,2023-05-01,CUST337,Clothing,1,500,500,0.05,98.33
338,2023-07-26,CUST338,Beauty,2,50,100,0.2,10.92
339,2023-03-03,CUST339,Electronics,2,25,50,0.0,7.82
340,2023-10-19,CUST340,Clothing,4,300,1200,0.05,246.03
341,2023-05-07,CUST341,Clothing,4,50,200,0.05,34.24
342,2023-10-24,CUST342,Clothing,4,500,2000,0.15,227.94
343,2023-11-01,CUST343,Electronics,2,25,50,0.0,7.1
344,2023-01-21,CUST344,Beauty,1,30,30,0.0,10.11
345,2023-11-14,CUST345,Electronics,1,30,30,0.05,3.13
346,2023-02-11,CUST346,Clothing,2,500,1000,0.1,74.9
347,2023-08-03,CUST347,Electronics,1,25,25,0.15,-1.25
348,2023-12-03,CUST348,Electronics,2,300,600,0.1,35.66
349,2023-10-26,CUST349,Beauty,1,50,50,0.15,5.89
350,2023-10-17,CUST350,Beauty,3,25,75,0.05,24.26
351,2023-09-25,CUST351,Clothing,3,30,90,0.0,26.58
352,2023-06-11,CUST352,Electronics,2,500,1000,0.0,138.92
353,2023-05-14,CUST353,Electronics,1,500,500,0.0,79.38
354,2023-04-15,CUST354,Beauty,4,50,200,0.05,64.71
355,2023-12-09,CUST355,Electronics,1,500,500,0.05,38.0
356,2023-06-10,CUST356,Electronics,3,500,1500,0.05,174.05
357,2023-05-03,CUST357,Electronics,3,25,75,0.1,0.74
358,2023-05-16,CUST358,Beauty,1,300,300,0.05,82.7
359,2023-07-22,CUST359,Clothing,1,50,50,0.1,5.3
360,2023-03-09,CUST360,Clothing,4,25,100,0.1,14.03
361,2023-12-10,CUST361,Electronics,4,300,1200,0.05,149.69
362,2023-11-27,CUST362,Clothing,1,25,25,0.05,4.61
363,2023-06-03,CUST363,Beauty,1,25,25,0.1,4.8
364,2023-08-23,CUST364,Beauty,1,500,500,0.1,98.76
365,2023-06-11,CUST365,Clothing,1,300,300,0.05,60.55
366,2023-02-07,CUST366,Clothing,2,50,100,0.05,24.53
367,2023-01-05,CUST367,Electronics,1,50,50,0.1,2.09
368,2023-08-23,CUST368,Clothing,4,300,1200,0.1,142.07
369,2023-11-15,CUST369,Electronics,3,500,1500,0.0,259.48
370,2023-10-16,CUST370,Electronics,2,30,60,0.05,4.97
371,2023-02-21,CUST371,Beauty,1,25,25,0.2,2.47
372,2023-02-07,CUST372,Beauty,3,500,1500,0.0,481.87
373,2023-10-03,CUST373,Beauty,2,300,600,0.15,127.35
374,2023-04-20,CUST374,Beauty,3,25,75,0.0,20.54
375,2023-09-17,CUST375,Clothing,1,50,50,0.05,10.7
376,2023-05-16,CUST376,Beauty,1,30,30,0.05,8.28
377,2023-03-09,CUST377,Clothing,4,50,200,0.0,47.54
378,2023-06-28,CUST378,Beauty,1,300,300,0.2,48.23
379,2023-02-05,CUST379,Clothing,1,25,25,0.05,4.21
380,2023-05-06,CUST380,Electronics,2,300,600,0.2,-30.0
381,2023-07-09,CUST381,Clothing,4,25,100,0.0,24.61
382,2023-05-26,CUST382,Clothing,2,500,1000,0.15,82.42
383,2023-03-22,CUST383,Beauty,3,30,90,0.2,8.71
384,2023-08-13,CUST384,Clothing,1,500,500,0.1,41.39
385,2023-10-06,CUST385,Electronics,3,500,1500,0.0,186.04
386,2023-12-27,CUST386,Electronics,2,300,600,0.1,41.06
387,2023-06-04,CUST387,Beauty,1,30,30,0.05,8.77
388,2023-11-10,CUST388,Electronics,1,25,25,0.2,-1.25
389,2023-12-01,CUST389,Clothing,2,25,50,0.05,9.11
390,2023-09-28,CUST390,Electronics,2,50,100,0.0,13.02
391,2023-01-05,CUST391,Beauty,2,25,50,0.0,20.02
392,2023-12-08,CUST392,Clothing,2,300,600,0.1,74.61
393,2023-10-11,CUST393,Beauty,2,500,1000,0.25,36.7
394,2023-06-03,CUST394,Clothing,1,500,500,0.0,141.44
395,2023-12-06,CUST395,Electronics,2,500,1000,0.1,8.33
396,2023-02-23,CUST396,Beauty,1,30,30,0.2,2.76
397,2023-03-10,CUST397,Beauty,1,25,25,0.0,8.76
398,2023-05-16,CUST398,Clothing,2,300,600,0.0,150.0
399,2023-03-01,CUST399,Beauty,2,30,60,0.1,14.27
400,2023-02-24,CUST400,Clothing,4,50,200,0.1,38.55
401,2023-10-11,CUST401,Clothing,1,300,300,0.0,78.03
402,2023-03-21,CUST402,Clothing,2,300,600,0.15,-0.8
403,2023-05-20,CUST403,Clothing,2,300,600,0.05,119.87
404,2023-05-25,CUST404,Electronics,2,500,1000,0.2,-50.0
405,2023-11-06,CUST405,Clothing,4,300,1200,0.15,85.56
406,2023-04-18,CUST406,Beauty,4,25,100,0.15,17.74
407,2023-06-25,CUST407,Electronics,3,300,900,0.05,80.23
408,2023-04-15,CUST408,Beauty,1,500,500,0.0,174.21
409,2023-12-18,CUST409,Electronics,3,300,900,0.05,97.55
410,2023-11-21,CUST410,Clothing,2,50,100,0.0,23.37
411,2023-05-16,CUST411,Electronics,4,50,200,0.1,0.31
412,2023-09-16,CUST412,Electronics,4,500,2000,0.0,481.43
413,2023-09-08,CUST413,Beauty,3,25,75,0.05,20.14
414,2023-05-09,CUST414,Beauty,4,25,100,0.0,35.3
415,2023-01-27,CUST415,Clothing,2,30,60,0.0,12.31
416,2023-02-17,CUST416,Electronics,4,500,2000,0.0,306.99
417,2023-11-21,CUST417,Electronics,3,300,900,0.1,1.8
418,2023-08-05,CUST418,Electronics,2,500,1000,0.15,-43.27
419,2023-05-22,CUST419,Clothing,3,30,90,0.0,25.32
420,2023-01-23,CUST420,Clothing,4,500,2000,0.15,168.32
421,2023-01-02,CUST421,Clothing,3,500,1500,0.15,130.58
422,2023-06-20,CUST422,Clothing,3,30,90,0.05,12.32
423,2023-03-08,CUST423,Clothing,1,25,25,0.1,4.63
424,2023-11-23,CUST424,Beauty,4,300,1200,0.05,305.09
425,2023-05-15,CUST425,Electronics,4,30,120,0.0,23.5
426,2023-03-24,CUST426,Electronics,3,50,150,0.05,18.1
427,2023-08-15,CUST427,Electronics,1,25,25,0.0,4.18
428,2023-10-10,CUST428,Electronics,4,50,200,0.15,-10.0
429,2023-12-28,CUST429,Electronics,2,25,50,0.2,-2.5
430,2023-08-07,CUST430,Electronics,3,300,900,0.15,-39.71
431,2023-10-15,CUST431,Electronics,4,300,1200,0.1,37.05
432,2023-01-05,CUST432,Electronics,2,500,1000,0.1,22.5
433,2023-02-27,CUST433,Beauty,4,50,200,0.25,-2.23
434,2023-02-08,CUST434,Electronics,2,25,50,0.0,9.18
435,2023-12-20,CUST435,Beauty,3,300,900,0.0,312.81
436,2023-03-18,CUST436,Clothing,4,30,120,0.1,13.85
437,2023-10-07,CUST437,Electronics,4,300,1200,0.05,87.83
438,2023-01-19,CUST438,Clothing,1,30,30,0.05,6.02
439,2023-07-09,CUST439,Clothing,3,25,75,0.0,16.74
440,2023-10-26,CUST440,Clothing,2,300,600,0.1,37.41
441,2023-10-10,CUST441,Beauty,4,300,1200,0.0,434.66
442,2023-03-17,CUST442,Clothing,4,25,100,0.0,26.56
443,2023-08-09,CUST443,Clothing,2,300,600,0.0,146.41
444,2023-03-07,CUST444,Clothing,3,30,90,0.05,14.0
445,2023-01-22,CUST445,Electronics,1,300,300,0.15,-8.2
446,2023-06-07,CUST446,Electronics,1,50,50,0.05,2.3
447,2023-07-06,CUST447,Beauty,4,500,2000,0.1,398.37
448,2023-01-21,CUST448,Beauty,2,30,60,0.15,8.85
449,2023-07-03,CUST449,Electronics,4,50,200,0.05,23.06
450,2023-04-18,CUST450,Beauty,2,25,50,0.15,7.96
451,2023-12-16,CUST451,Electronics,1,30,30,0.1,0.5
452,2023-05-08,CUST452,Clothing,3,500,1500,0.1,282.96
453,2023-12-08,CUST453,Clothing,2,500,1000,0.0,260.57
454,2023-02-22,CUST454,Beauty,1,25,25,0.0,9.0
455,2023-07-01,CUST455,Electronics,4,25,100,0.25,-5.0
456,2023-10-14,CUST456,Electronics,2,30,60,0.15,-2.87
457,2023-07-28,CUST457,Beauty,3,300,900,0.2,39.97
458,2023-11-14,CUST458,Electronics,4,25,100,0.2,-5.0
459,2023-03-21,CUST459,Clothing,4,300,1200,0.0,316.14
460,2023-05-02,CUST460,Beauty,1,50,50,0.15,8.23
461,2023-03-25,CUST461,Beauty,2,500,1000,0.05,285.88
462,2023-04-01,CUST462,Electronics,4,300,1200,0.15,-9.5
463,2023-07-31,CUST463,Beauty,3,500,1500,0.0,455.04
464,2023-01-13,CUST464,Electronics,2,300,600,0.0,79.38
465,2023-04-02,CUST465,Electronics,3,50,150,0.15,-7.5
466,2023-06-20,CUST466,Electronics,4,25,100,0.15,2.31
467,2023-07-30,CUST467,Electronics,3,50,150,0.1,8.44
468,2023-12-09,CUST468,Electronics,1,25,25,0.05,0.6
469,2023-05-08,CUST469,Beauty,3,25,75,0.05,18.34
470,2023-05-17,CUST470,Clothing,2,500,1000,0.25,-50.0
471,2023-03-23,CUST471,Clothing,3,50,150,0.05,26.37
472,2023-12-26,CUST472,Beauty,3,300,900,0.05,225.24
473,2023-02-25,CUST473,Beauty,1,50,50,0.1,14.42
474,2023-07-15,CUST474,Clothing,3,500,1500,0.05,299.06
475,2023-01-20,CUST475,Clothing,3,25,75,0.1,10.82
476,2023-08-29,CUST476,Clothing,4,500,2000,0.05,338.48
477,2023-04-24,CUST477,Clothing,4,30,120,0.15,11.0
478,2023-04-13,CUST478,Clothing,2,30,60,0.2,-0.08
479,2023-08-24,CUST479,Electronics,4,300,1200,0.2,-60.0
480,2023-06-29,CUST480,Beauty,4,500,2000,0.1,496.66
481,2023-06-06,CUST481,Electronics,4,300,1200,0.05,49.36
482,2023-04-27,CUST482,Clothing,4,300,1200,0.1,213.49
483,2023-04-25,CUST483,Clothing,1,30,30,0.15,2.26
484,2023-01-13,CUST484,Clothing,4,300,1200,0.1,202.11
485,2023-12-04,CUST485,Electronics,1,30,30,0.1,-0.07
486,2023-04-09,CUST486,Electronics,1,25,25,0.1,0.06
487,2023-07-24,CUST487,Clothing,4,500,2000,0.1,190.29
488,2023-06-18,CUST488,Electronics,3,300,900,0.1,33.76
489,2023-05-23,CUST489,Electronics,1,30,30,0.0,4.56
490,2023-02-05,CUST490,Clothing,3,50,150,0.05,26.41
491,2023-05-23,CUST491,Electronics,3,300,900,0.1,-0.38
492,2023-06-29,CUST492,Beauty,4,25,100,0.0,31.2
493,2023-11-25,CUST493,Beauty,2,25,50,0.15,8.43
494,2023-09-18,CUST494,Beauty,4,50,200,0.1,43.21
495,2023-07-24,CUST495,Beauty,2,30,60,0.0,19.77
496,2023-12-14,CUST496,Clothing,2,300,600,0.15,69.85
497,2023-10-02,CUST497,Clothing,4,30,120,0.1,15.3
498,2023-06-19,CUST498,Clothing,4,25,100,0.15,10.81
499,2023-01-15,CUST499,Beauty,2,30,60,0.05,16.44
500,2023-03-01,CUST500,Beauty,4,25,100,0.15,17.73
501,2023-05-14,CUST501,Electronics,2,30,60,0.05,5.3
502,2023-04-02,CUST502,Electronics,3,50,150,0.1,-3.14
503,2023-10-25,CUST503,Beauty,4,500,2000,0.0,785.7
504,2023-05-16,CUST504,Beauty,3,50,150,0.1,33.89
505,2023-01-20,CUST505,Beauty,1,50,50,0.1,12.62
506,2023-02-25,CUST506,Beauty,3,500,1500,0.1,311.16
507,2023-11-02,CUST507,Electronics,3,500,1500,0.05,127.58
508,2023-08-11,CUST508,Beauty,2,300,600,0.15,86.4
509,2023-06-26,CUST509,Electronics,3,300,900,0.1,60.37
510,2023-06-10,CUST510,Beauty,4,50,200,0.0,71.87
511,2023-08-12,CUST511,Beauty,2,50,100,0.2,12.1
512,2023-11-07,CUST512,Beauty,1,25,25,0.1,6.77
513,2023-09-19,CUST513,Electronics,4,25,100,0.25,-5.0
514,2023-03-01,CUST514,Electronics,1,300,300,0.25,-15.0
515,2023-07-17,CUST515,Clothing,3,300,900,0.2,-29.39
516,2023-10-23,CUST516,Beauty,4,25,100,0.15,14.91
517,2023-04-08,CUST517,Clothing,4,25,100,0.1,9.99
518,2023-05-11,CUST518,Clothing,1,30,30,0.0,8.15
519,2023-01-23,CUST519,Electronics,4,30,120,0.05,11.41
520,2023-12-29,CUST520,Electronics,4,25,100,0.15,-5.0
521,2023-08-12,CUST521,Clothing,4,30,120,0.05,22.12
522,2023-01-01,CUST522,Beauty,3,500,1500,0.15,187.76
523,2023-09-24,CUST523,Electronics,1,300,300,0.0,44.52
524,2023-10-03,CUST524,Beauty,4,300,1200,0.05,288.41
525,2023-12-18,CUST525,Beauty,2,25,50,0.05,15.29
526,2023-12-10,CUST526,Clothing,2,50,100,0.05,20.13
527,2023-04-11,CUST527,Clothing,2,25,50,0.0,15.36
528,2023-07-06,CUST528,Clothing,2,30,60,0.0,16.53
529,2023-08-09,CUST529,Clothing,3,50,150,0.15,8.6
530,2023-02-05,CUST530,Electronics,4,30,120,0.05,13.75
531,2023-12-07,CUST531,Electronics,1,500,500,0.0,54.04
532,2023-06-19,CUST532,Clothing,4,30,120,0.0,26.54
533,2023-11-16,CUST533,Electronics,3,500,1500,0.05,149.99
534,2023-06-10,CUST534,Clothing,2,500,1000,0.0,185.25
535,2023-12-06,CUST535,Beauty,3,30,90,0.1,20.6
536,2023-03-05,CUST536,Beauty,4,30,120,0.15,16.73
537,2023-06-03,CUST537,Beauty,1,500,500,0.0,176.52
538,2023-09-17,CUST538,Clothing,3,50,150,0.1,14.65
539,2023-06-08,CUST539,Beauty,1,500,500,0.0,181.36
540,2023-12-08,CUST540,Electronics,3,300,900,0.05,81.52
541,2023-07-29,CUST541,Beauty,1,500,500,0.2,76.01
542,2023-06-17,CUST542,Beauty,1,50,50,0.05,14.51
543,2023-07-26,CUST543,Beauty,2,300,600,0.2,52.16
544,2023-12-23,CUST544,Electronics,1,25,25,0.0,3.56
545,2023-06-01,CUST545,Clothing,2,25,50,0.05,7.48
546,2023-10-11,CUST546,Electronics,4,50,200,0.05,20.44
547,2023-03-07,CUST547,Clothing,4,500,2000,0.05,415.39
548,2023-04-09,CUST548,Clothing,2,30,60,0.25,1.44
549,2023-08-04,CUST549,Beauty,2,50,100,0.0,33.13
550,2023-12-07,CUST550,Clothing,3,300,900,0.15,55.77
551,2023-07-14,CUST551,Electronics,3,300,900,0.15,-42.55
552,2023-12-13,CUST552,Electronics,3,25,75,0.1,2.73
553,2023-03-31,CUST553,Clothing,4,300,1200,0.05,241.74
554,2023-11-12,CUST554,Beauty,3,50,150,0.05,43.26
555,2023-10-19,CUST555,Beauty,1,300,300,0.0,114.78
556,2023-06-04,CUST556,Electronics,1,50,50,0.15,-2.43
557,2023-07-27,CUST557,Beauty,3,30,90,0.05,28.76
558,2023-10-08,CUST558,Clothing,1,25,25,0.2,0.65
559,2023-01-01,CUST559,Clothing,4,300,1200,0.1,155.57
560,2023-06-05,CUST560,Electronics,1,50,50,0.05,4.03
561,2023-05-27,CUST561,Clothing,4,500,2000,0.1,405.6
562,2023-04-18,CUST562,Electronics,2,25,50,0.05,3.27
563,2023-08-09,CUST563,Clothing,2,30,60,0.2,1.14
564,2023-10-24,CUST564,Electronics,2,50,100,0.0,12.75
565,2023-11-07,CUST565,Beauty,2,30,60,0.25,6.21
566,2023-12-02,CUST566,Clothing,1,30,30,0.15,2.9
567,2023-06-14,CUST567,Clothing,3,300,900,0.15,44.68
568,2023-08-27,CUST568,Electronics,1,300,300,0.05,31.61
569,2023-08-15,CUST569,Electronics,4,50,200,0.15,-4.45
570,2023-08-15,CUST570,Clothing,1,500,500,0.05,87.25
571,2023-12-12,CUST571,Electronics,1,50,50,0.15,-0.36
572,2023-04-20,CUST572,Clothing,4,500,2000,0.0,523.36
573,2023-09-19,CUST573,Beauty,2,30,60,0.05,17.79
574,2023-08-31,CUST574,Electronics,2,25,50,0.05,4.44
575,2023-03-28,CUST575,Clothing,2,50,100,0.05,20.29
576,2023-12-04,CUST576,Beauty,3,50,150,0.05,44.53
577,2023-02-13,CUST577,Beauty,4,500,2000,0.15,343.55
578,2023-05-26,CUST578,Clothing,4,30,120,0.0,27.69
579,2023-09-21,CUST579,Electronics,1,30,30,0.1,2.42
580,2023-12-06,CUST580,Clothing,3,500,1500,0.0,327.73
581,2023-11-21,CUST581,Beauty,2,30,60,0.15,10.97
582,2023-11-14,CUST582,Clothing,3,300,900,0.15,54.35
583,2023-06-21,CUST583,Electronics,4,25,100,0.05,14.28
584,2023-02-17,CUST584,Beauty,4,50,200,0.1,40.58
585,2023-05-01,CUST585,Clothing,1,25,25,0.2,-0.3
586,2023-12-11,CUST586,Electronics,1,50,50,0.15,-2.5
587,2023-06-08,CUST587,Beauty,4,300,1200,0.05,359.64
588,2023-04-26,CUST588,Electronics,2,30,60,0.05,2.93
589,2023-04-12,CUST589,Beauty,2,500,1000,0.15,155.64
590,2023-03-17,CUST590,Clothing,3,300,900,0.0,166.89
591,2023-01-13,CUST591,Electronics,4,25,100,0.15,-2.28
592,2023-01-24,CUST592,Beauty,4,500,2000,0.05,549.99
593,2023-05-06,CUST593,Electronics,2,30,60,0.15,-3.0
594,2023-09-01,CUST594,Electronics,2,300,600,0.0,109.54
595,2023-11-09,CUST595,Clothing,4,500,2000,0.0,421.54
596,2023-02-07,CUST596,Electronics,1,300,300,0.25,-15.0
597,2023-08-22,CUST597,Beauty,4,300,1200,0.15,178.76
598,2023-08-01,CUST598,Beauty,4,30,120,0.2,18.97
599,2023-11-19,CUST599,Beauty,2,50,100,0.2,13.25
600,2023-10-22,CUST600,Beauty,2,500,1000,0.05,259.76
601,2023-04-10,CUST601,Clothing,1,30,30,0.0,6.67
602,2023-12-23,CUST602,Electronics,1,300,300,0.0,50.45
603,2023-07-16,CUST603,Clothing,3,30,90,0.05,16.39
604,2023-09-11,CUST604,Electronics,4,50,200,0.0,28.98
605,2023-07-24,CUST605,Electronics,2,500,1000,0.2,-50.0
606,2023-05-05,CUST606,Electronics,1,50,50,0.0,6.38
607,2023-03-17,CUST607,Clothing,3,25,75,0.0,18.96
608,2023-12-02,CUST608,Electronics,3,500,1500,0.0,267.96
609,2023-12-19,CUST609,Clothing,2,50,100,0.0,27.43
610,2023-01-03,CUST610,Beauty,2,300,600,0.0,207.13
611,2023-02-24,CUST611,Beauty,3,500,1500,0.1,332.0
612,2023-08-06,CUST612,Electronics,1,500,500,0.05,18.92
613,2023-04-23,CUST613,Clothing,3,30,90,0.1,8.85
614,2023-04-01,CUST614,Beauty,4,300,1200,0.2,143.46
615,2023-12-23,CUST615,Clothing,4,25,100,0.1,12.59
616,2023-09-23,CUST616,Clothing,2,50,100,0.1,13.22
617,2023-08-26,CUST617,Electronics,1,30,30,0.05,3.64
618,2023-01-26,CUST618,Beauty,1,50,50,0.0,15.72
619,2023-10-13,CUST619,Electronics,4,25,100,0.05,8.29
620,2023-05-08,CUST620,Electronics,3,25,75,0.25,-3.75
621,2023-03-04,CUST621,Beauty,2,500,1000,0.1,208.88
622,2023-08-22,CUST622,Beauty,3,25,75,0.0,29.47
623,2023-03-10,CUST623,Clothing,3,50,150,0.05,32.59
624,2023-08-26,CUST624,Beauty,3,300,900,0.15,160.83
625,2023-12-08,CUST625,Clothing,1,300,300,0.1,55.15
626,2023-09-29,CUST626,Clothing,4,500,2000,0.1,170.07
627,2023-10-14,CUST627,Clothing,1,50,50,0.2,0.49
628,2023-11-01,CUST628,Beauty,4,50,200,0.1,48.2
629,2023-06-12,CUST629,Electronics,2,25,50,0.1,0.13
630,2023-08-15,CUST630,Clothing,2,50,100,0.0,25.9
631,2023-11-10,CUST631,Electronics,3,30,90,0.0,10.51
632,2023-09-16,CUST632,Electronics,4,25,100,0.25,-5.0
633,2023-08-07,CUST633,Beauty,4,30,120,0.1,31.41
634,2023-10-08,CUST634,Electronics,4,500,2000,0.05,196.34
635,2023-08-17,CUST635,Electronics,3,300,900,0.1,-23.03
636,2023-03-23,CUST636,Beauty,3,500,1500,0.0,481.49
637,2023-09-01,CUST637,Clothing,2,300,600,0.15,52.16
638,2023-08-19,CUST638,Electronics,1,500,500,0.0,75.32
639,2023-05-13,CUST639,Beauty,4,50,200,0.15,17.84
640,2023-05-07,CUST640,Electronics,4,30,120,0.05,15.27
641,2023-11-23,CUST641,Electronics,1,300,300,0.0,46.23
642,2023-05-22,CUST642,Clothing,4,25,100,0.0,22.54
643,2023-09-24,CUST643,Electronics,3,30,90,0.15,-0.01
644,2023-09-06,CUST644,Beauty,3,25,75,0.0,24.73
645,2023-11-17,CUST645,Electronics,4,30,120,0.0,15.52
646,2023-05-03,CUST646,Clothing,3,30,90,0.15,7.27
647,2023-05-21,CUST647,Clothing,3,500,1500,0.05,365.15
648,2023-08-14,CUST648,Beauty,4,300,1200,0.05,406.45
649,2023-02-09,CUST649,Clothing,2,300,600,0.0,156.47
650,2024-01-01,CUST650,Electronics,1,30,30,0.15,-0.48
651,2023-05-27,CUST651,Clothing,3,50,150,0.0,41.06
652,2023-05-01,CUST652,Beauty,2,50,100,0.0,31.23
653,2023-05-20,CUST653,Clothing,3,25,75,0.05,15.7
654,2023-06-21,CUST654,Clothing,3,25,75,0.0,17.1
655,2023-06-13,CUST655,Clothing,1,500,500,0.05,99.78
656,2023-10-04,CUST656,Beauty,3,30,90,0.0,30.89
657,2023-02-11,CUST657,Clothing,1,25,25,0.0,6.63
658,2023-03-12,CUST658,Clothing,1,25,25,0.05,4.84
659,2023-03-19,CUST659,Electronics,1,30,30,0.15,-1.5
660,2023-04-29,CUST660,Beauty,2,500,1000,0.0,355.37
661,2023-07-16,CUST661,Clothing,4,25,100,0.0,26.93
662,2023-12-22,CUST662,Beauty,2,500,1000,0.2,123.38
663,2023-03-20,CUST663,Clothing,4,300,1200,0.2,8.31
664,2023-12-28,CUST664,Clothing,4,500,2000,0.1,358.53
665,2023-04-20,CUST665,Clothing,1,50,50,0.0,12.97
666,2023-02-02,CUST666,Electronics,3,50,150,0.05,15.47
667,2023-08-01,CUST667,Electronics,1,500,500,0.0,90.67
668,2023-07-28,CUST668,Electronics,3,50,150,0.0,24.13
669,2023-06-19,CUST669,Beauty,4,300,1200,0.05,315.67
670,2023-10-05,CUST670,Beauty,1,30,30,0.1,4.71
671,2023-08-27,CUST671,Electronics,3,50,150,0.05,11.35
672,2023-08-01,CUST672,Beauty,2,50,100,0.1,25.28
673,2023-02-01,CUST673,Clothing,3,500,1500,0.0,359.11
674,2023-04-16,CUST674,Clothing,1,300,300,0.05,64.21
675,2023-08-04,CUST675,Clothing,2,30,60,0.15,4.47
676,2023-07-19,CUST676,Electronics,3,500,1500,0.15,12.96
677,2023-10-27,CUST677,Beauty,3,500,1500,0.05,421.72
678,2023-12-23,CUST678,Electronics,3,300,900,0.1,39.63
679,2023-01-11,CUST679,Beauty,3,30,90,0.0,32.87
680,2023-10-22,CUST680,Clothing,3,300,900,0.0,265.54
681,2023-07-14,CUST681,Electronics,2,30,60,0.1,-1.27
682,2023-09-02,CUST682,Beauty,4,300,1200,0.0,403.5
683,2023-01-04,CUST683,Beauty,2,500,1000,0.05,315.46
684,2023-06-30,CUST684,Clothing,2,500,1000,0.05,236.38
685,2023-06-02,CUST685,Electronics,2,25,50,0.0,7.86
686,2023-07-19,CUST686,Electronics,4,50,200,0.0,28.24
687,2023-08-03,CUST687,Electronics,1,300,300,0.05,33.81
688,2023-10-03,CUST688,Clothing,4,25,100,0.2,3.61
689,2023-10-07,CUST689,Electronics,2,50,100,0.1,1.92
690,2023-11-05,CUST690,Clothing,3,300,900,0.05,179.92
691,2023-04-23,CUST691,Clothing,3,30,90,0.0,25.69
692,2023-09-07,CUST692,Clothing,2,50,100,0.1,18.67
693,2023-04-23,CUST693,Beauty,3,500,1500,0.0,558.42
694,2023-05-20,CUST694,Electronics,2,25,50,0.05,4.57
695,2023-08-12,CUST695,Electronics,3,50,150,0.15,-4.74
696,2023-09-06,CUST696,Clothing,4,50,200,0.05,41.34
697,2023-01-15,CUST697,Clothing,1,500,500,0.0,123.26
698,2023-07-19,CUST698,Electronics,1,300,300,0.0,46.71
699,2023-06-22,CUST699,Clothing,4,30,120,0.0,26.19
700,2023-12-09,CUST700,Electronics,4,500,2000,0.05,257.82
701,2023-12-14,CUST701,Beauty,2,30,60,0.2,4.55
702,2023-07-27,CUST702,Clothing,2,300,600,0.0,142.22
703,2023-03-26,CUST703,Electronics,2,50,100,0.1,3.29
704,2023-08-28,CUST704,Clothing,3,30,90,0.1,17.08
705,2023-03-07,CUST705,Electronics,2,25,50,0.0,6.87
706,2023-11-15,CUST706,Electronics,4,25,100,0.0,13.0
707,2023-10-01,CUST707,Clothing,1,500,500,0.05,86.74
708,2023-01-14,CUST708,Beauty,3,300,900,0.1,251.79
709,2023-07-21,CUST709,Electronics,2,500,1000,0.05,5.63
710,2023-10-31,CUST710,Electronics,3,500,1500,0.1,-0.12
711,2023-10-16,CUST711,Electronics,3,500,1500,0.15,77.91
712,2023-12-06,CUST712,Beauty,2,25,50,0.15,9.39
713,2023-01-14,CUST713,Beauty,3,25,75,0.25,1.26
714,2023-02-12,CUST714,Clothing,1,500,500,0.15,34.37
715,2023-11-26,CUST715,Beauty,4,25,100,0.15,17.2
716,2023-08-08,CUST716,Clothing,4,300,1200,0.15,114.46
717,2023-03-11,CUST717,Clothing,1,500,500,0.1,92.59
718,2023-08-25,CUST718,Beauty,3,25,75,0.15,13.62
719,2023-04-04,CUST719,Clothing,2,30,60,0.2,-0.37
720,2023-01-26,CUST720,Beauty,3,500,1500,0.05,470.42
721,2023-05-14,CUST721,Clothing,1,500,500,0.1,54.53
722,2023-07-14,CUST722,Beauty,3,300,900,0.05,233.1
723,2023-06-17,CUST723,Beauty,4,50,200,0.15,23.44
724,2023-04-19,CUST724,Clothing,3,50,150,0.05,21.46
725,2023-08-21,CUST725,Electronics,1,300,300,0.15,-15.0
726,2023-06-17,CUST726,Clothing,4,300,1200,0.15,41.6
727,2023-06-22,CUST727,Beauty,3,300,900,0.25,53.46
728,2023-07-14,CUST728,Electronics,3,50,150,0.0,17.1
729,2023-05-23,CUST729,Clothing,4,300,1200,0.1,42.83
730,2023-08-04,CUST730,Clothing,2,25,50,0.15,1.93
731,2023-05-10,CUST731,Clothing,4,500,2000,0.2,-8.31
732,2023-02-11,CUST732,Electronics,2,500,1000,0.2,-50.0
733,2023-08-29,CUST733,Beauty,1,30,30,0.1,8.27
734,2023-01-10,CUST734,Clothing,1,30,30,0.1,3.35
735,2023-10-04,CUST735,Clothing,4,500,2000,0.0,552.86
736,2023-01-27,CUST736,Clothing,4,25,100,0.25,-5.0
737,2023-06-29,CUST737,Clothing,1,50,50,0.0,12.44
738,2023-04-25,CUST738,Clothing,2,50,100,0.1,10.49
739,2023-11-29,CUST739,Beauty,1,25,25,0.15,4.21
740,2023-02-05,CUST740,Beauty,4,50,200,0.05,53.41
741,2023-11-30,CUST741,Clothing,1,300,300,0.0,76.53
742,2023-01-21,CUST742,Electronics,4,500,2000,0.0,285.83
743,2023-01-16,CUST743,Beauty,4,500,2000,0.15,283.32
744,2023-05-07,CUST744,Electronics,1,25,25,0.05,2.99
745,2023-04-13,CUST745,Beauty,2,50,100,0.0,36.28
746,2023-01-11,CUST746,Clothing,3,30,90,0.1,10.49
747,2023-11-15,CUST747,Beauty,1,30,30,0.0,10.63
748,2023-03-20,CUST748,Clothing,3,50,150,0.15,10.12
749,2023-05-03,CUST749,Beauty,1,30,30,0.05,7.92
750,2023-03-06,CUST750,Clothing,3,25,75,0.0,18.91
751,2023-08-31,CUST751,Clothing,2,25,50,0.0,11.57
752,2023-12-09,CUST752,Clothing,2,50,100,0.05,16.17
753,2023-02-28,CUST753,Clothing,1,30,30,0.05,4.24
754,2023-10-16,CUST754,Electronics,4,25,100,0.15,-4.08
755,2023-04-22,CUST755,Clothing,3,25,75,0.05,15.53
756,2023-08-27,CUST756,Electronics,4,300,1200,0.05,82.99
757,2023-12-25,CUST757,Electronics,4,300,1200,0.0,270.75
758,2023-05-12,CUST758,Clothing,4,25,100,0.0,27.66
759,2023-07-08,CUST759,Electronics,2,50,100,0.2,-5.0
760,2023-03-27,CUST760,Beauty,1,500,500,0.0,186.93
761,2023-11-07,CUST761,Clothing,1,500,500,0.25,2.79
762,2023-11-07,CUST762,Electronics,2,25,50,0.05,3.32
763,2023-02-28,CUST763,Clothing,2,25,50,0.0,8.66
764,2023-03-25,CUST764,Clothing,1,25,25,0.0,5.92
765,2023-06-09,CUST765,Clothing,4,50,200,0.0,53.35
766,2023-02-25,CUST766,Electronics,3,300,900,0.15,-22.91
767,2023-10-24,CUST767,Beauty,3,25,75,0.05,22.37
768,2023-01-14,CUST768,Beauty,3,25,75,0.05,24.72
769,2023-06-09,CUST769,Electronics,4,30,120,0.1,4.98
770,2023-10-22,CUST770,Clothing,1,50,50,0.1,7.7
771,2023-12-13,CUST771,Electronics,2,25,50,0.2,-2.5
772,2023-07-12,CUST772,Electronics,1,30,30,0.25,-1.5
773,2023-07-23,CUST773,Electronics,4,500,2000,0.1,156.85
774,2023-04-12,CUST774,Clothing,2,25,50,0.15,3.65
775,2023-02-08,CUST775,Electronics,4,25,100,0.15,-4.87
776,2023-10-31,CUST776,Clothing,3,30,90,0.05,15.42
777,2023-12-20,CUST777,Electronics,3,50,150,0.1,1.58
778,2023-11-18,CUST778,Beauty,4,25,100,0.0,32.87
779,2023-05-05,CUST779,Electronics,2,500,1000,0.15,-50.0
780,2023-02-22,CUST780,Electronics,2,25,50,0.25,-2.5
781,2023-12-23,CUST781,Beauty,1,500,500,0.0,172.07
782,2023-06-04,CUST782,Clothing,3,300,900,0.15,46.99
783,2023-12-17,CUST783,Clothing,1,300,300,0.2,12.96
784,2023-11-04,CUST784,Electronics,1,500,500,0.0,79.4
785,2023-03-03,CUST785,Beauty,4,50,200,0.05,59.59
786,2023-10-17,CUST786,Clothing,4,25,100,0.2,-1.23
787,2023-01-22,CUST787,Electronics,1,25,25,0.25,-1.25
788,2023-06-27,CUST788,Beauty,3,300,900,0.0,324.75
789,2023-09-30,CUST789,Clothing,4,500,2000,0.05,422.97
790,2023-08-08,CUST790,Clothing,1,25,25,0.1,3.18
791,2023-12-05,CUST791,Beauty,1,25,25,0.0,9.56
792,2023-07-09,CUST792,Beauty,1,50,50,0.05,14.51
793,2023-02-05,CUST793,Beauty,1,30,30,0.0,11.21
794,2023-09-17,CUST794,Beauty,1,300,300,0.0,100.59
795,2023-11-28,CUST795,Electronics,1,300,300,0.1,-7.31
796,2023-06-24,CUST796,Beauty,4,30,120,0.1,28.57
797,2023-01-07,CUST797,Clothing,3,25,75,0.1,11.38
798,2023-08-04,CUST798,Clothing,1,50,50,0.15,4.36
799,2023-09-08,CUST799,Electronics,2,50,100,0.05,10.27
800,2023-02-24,CUST800,Clothing,4,300,1200,0.0,287.45
801,2023-08-10,CUST801,Clothing,4,50,200,0.0,45.16
802,2023-07-05,CUST802,Beauty,1,30,30,0.0,11.0
803,2023-11-22,CUST803,Clothing,4,25,100,0.05,20.28
804,2023-08-24,CUST804,Electronics,1,30,30,0.0,4.0
805,2023-12-29,CUST805,Beauty,3,500,1500,0.0,574.92
806,2023-03-20,CUST806,Beauty,3,300,900,0.0,291.16
807,2023-08-11,CUST807,Electronics,4,50,200,0.1,2.5
808,2023-04-01,CUST808,Beauty,4,500,2000,0.1,558.19
809,2023-09-25,CUST809,Beauty,2,50,100,0.2,13.61
810,2023-11-30,CUST810,Electronics,4,25,100,0.15,-4.07
811,2023-05-19,CUST811,Beauty,2,25,50,0.1,11.93
812,2023-11-12,CUST812,Electronics,3,25,75,0.0,11.6
813,2023-10-03,CUST813,Electronics,3,50,150,0.1,-7.5
814,2023-09-05,CUST814,Clothing,1,500,500,0.0,111.4
815,2023-08-27,CUST815,Clothing,3,25,75,0.05,14.14
816,2023-08-12,CUST816,Beauty,2,500,1000,0.05,279.3
817,2023-10-31,CUST817,Beauty,4,50,200,0.05,59.48
818,2023-05-18,CUST818,Electronics,1,500,500,0.0,91.94
819,2023-06-15,CUST819,Beauty,2,50,100,0.1,22.04
820,2023-05-06,CUST820,Electronics,4,50,200,0.15,-10.0
821,2023-02-14,CUST821,Electronics,1,300,300,0.15,-6.08
822,2023-05-23,CUST822,Beauty,3,50,150,0.1,33.03
823,2023-08-19,CUST823,Electronics,2,50,100,0.05,8.53
824,2023-05-05,CUST824,Clothing,4,30,120,0.0,28.95
825,2023-08-26,CUST825,Beauty,1,25,25,0.1,7.43
826,2023-10-19,CUST826,Clothing,1,300,300,0.05,36.83
827,2023-11-09,CUST827,Beauty,3,300,900,0.0,304.51
828,2023-12-09,CUST828,Electronics,4,300,1200,0.05,107.87
829,2023-07-14,CUST829,Beauty,3,30,90,0.2,7.79
830,2023-06-22,CUST830,Clothing,3,50,150,0.1,23.55
831,2023-01-15,CUST831,Electronics,4,25,100,0.05,11.44
832,2023-09-11,CUST832,Beauty,4,500,2000,0.1,457.13
833,2023-06-16,CUST833,Beauty,4,50,200,0.05,56.38
834,2023-04-04,CUST834,Beauty,2,30,60,0.05,17.2
835,2023-09-07,CUST835,Clothing,4,50,200,0.0,49.37
836,2023-04-19,CUST836,Clothing,1,50,50,0.05,9.38
837,2023-07-01,CUST837,Beauty,3,30,90,0.1,20.19
838,2023-05-13,CUST838,Electronics,2,300,600,0.0,94.54
839,2023-06-24,CUST839,Electronics,4,300,1200,0.15,-8.88
840,2023-05-24,CUST840,Clothing,2,25,50,0.0,10.65
841,2023-11-02,CUST841,Electronics,4,25,100,0.1,-0.15
842,2023-12-26,CUST842,Clothing,2,300,600,0.1,46.53
843,2023-05-22,CUST843,Beauty,3,500,1500,0.1,383.99
844,2023-10-12,CUST844,Clothing,3,50,150,0.1,20.63
845,2023-01-06,CUST845,Clothing,1,500,500,0.2,12.58
846,2023-09-22,CUST846,Beauty,1,50,50,0.05,12.36
847,2023-04-08,CUST847,Electronics,4,300,1200,0.1,100.26
848,2023-02-13,CUST848,Clothing,3,25,75,0.1,8.38
849,2023-05-04,CUST849,Clothing,2,25,50,0.0,12.75
850,2023-07-28,CUST850,Beauty,2,500,1000,0.0,375.63
851,2023-09-08,CUST851,Electronics,2,25,50,0.05,3.02
852,2023-10-12,CUST852,Clothing,1,300,300,0.0,70.08
853,2023-05-04,CUST853,Beauty,2,500,1000,0.05,295.38
854,2023-12-20,CUST854,Clothing,1,50,50,0.05,13.79
855,2023-09-01,CUST855,Beauty,1,25,25,0.1,5.98
856,2023-11-27,CUST856,Electronics,4,30,120,0.0,23.78
857,2023-12-31,CUST857,Electronics,2,25,50,0.15,0.31
858,2023-09-09,CUST858,Electronics,2,50,100,0.05,10.1
859,2023-08-18,CUST859,Electronics,3,500,1500,0.1,0.49
860,2023-01-09,CUST860,Clothing,4,50,200,0.0,56.36
861,2023-02-17,CUST861,Clothing,3,30,90,0.05,13.06
862,2023-05-31,CUST862,Electronics,4,300,1200,0.0,237.63
863,2023-04-24,CUST863,Electronics,2,25,50,0.1,1.8
864,2023-07-27,CUST864,Electronics,1,500,500,0.05,5.25
865,2023-12-21,CUST865,Clothing,1,300,300,0.2,-0.06
866,2023-05-05,CUST866,Electronics,1,50,50,0.05,5.48
867,2023-06-06,CUST867,Electronics,1,500,500,0.1,11.44
868,2023-12-06,CUST868,Electronics,1,300,300,0.0,51.44
869,2023-10-25,CUST869,Beauty,3,500,1500,0.1,306.75
870,2023-07-08,CUST870,Electronics,4,30,120,0.05,6.1
871,2023-08-31,CUST871,Beauty,2,30,60,0.05,17.27
872,2023-10-11,CUST872,Beauty,3,25,75,0.0,26.32
873,2023-09-29,CUST873,Electronics,4,25,100,0.0,13.95
874,2023-06-26,CUST874,Beauty,1,30,30,0.0,11.6
875,2023-08-06,CUST875,Electronics,4,500,2000,0.25,-100.0
876,2023-10-09,CUST876,Clothing,4,30,120,0.05,23.93
877,2023-06-19,CUST877,Clothing,1,25,25,0.0,6.3
878,2023-06-30,CUST878,Clothing,1,30,30,0.2,-1.1
879,2023-12-26,CUST879,Clothing,1,30,30,0.0,6.31
880,2023-08-21,CUST880,Beauty,2,500,1000,0.05,290.36
881,2023-05-19,CUST881,Electronics,1,300,300,0.1,26.83
882,2023-06-06,CUST882,Electronics,2,25,50,0.2,-2.5
883,2023-05-09,CUST883,Electronics,1,500,500,0.1,-10.88
884,2023-04-29,CUST884,Clothing,2,30,60,0.05,5.8
885,2023-03-03,CUST885,Clothing,4,30,120,0.25,-3.36
886,2023-04-09,CUST886,Electronics,3,300,900,0.0,132.4
887,2023-06-11,CUST887,Clothing,4,25,100,0.25,-1.58
888,2023-03-03,CUST888,Electronics,4,25,100,0.15,-5.0
889,2023-10-02,CUST889,Electronics,1,50,50,0.2,-2.5
890,2023-12-20,CUST890,Electronics,2,25,50,0.0,8.77
891,2023-04-05,CUST891,Electronics,3,300,900,0.0,122.92
892,2023-04-09,CUST892,Electronics,1,50,50,0.1,0.86
893,2023-04-21,CUST893,Electronics,1,50,50,0.05,4.54
894,2023-09-05,CUST894,Electronics,1,30,30,0.05,3.19
895,2023-05-22,CUST895,Clothing,4,30,120,0.2,1.15
896,2023-10-29,CUST896,Electronics,2,25,50,0.1,2.96
897,2023-09-26,CUST897,Electronics,2,50,100,0.05,7.61
898,2023-11-02,CUST898,Clothing,3,30,90,0.05,13.51
899,2023-05-25,CUST899,Clothing,2,300,600,0.0,185.59
900,2023-02-21,CUST900,Clothing,2,30,60,0.0,13.91
901,2023-04-10,CUST901,Electronics,1,30,30,0.0,3.99
902,2023-06-01,CUST902,Beauty,1,50,50,0.15,8.4
903,2023-04-27,CUST903,Beauty,4,50,200,0.1,46.4
904,2023-07-04,CUST904,Clothing,1,500,500,0.05,89.2
905,2023-04-02,CUST905,Beauty,1,300,300,0.05,86.84
906,2023-06-04,CUST906,Clothing,1,50,50,0.1,6.44
907,2023-01-08,CUST907,Electronics,1,25,25,0.15,-0.62
908,2023-12-29,CUST908,Beauty,4,300,1200,0.2,47.13
909,2023-10-01,CUST909,Electronics,1,300,300,0.05,43.93
910,2023-03-06,CUST910,Beauty,3,50,150,0.15,24.84
911,2023-05-21,CUST911,Electronics,3,300,900,0.05,96.68
912,2023-01-24,CUST912,Beauty,3,50,150,0.05,37.3
913,2023-01-28,CUST913,Electronics,3,30,90,0.15,-3.97
914,2023-10-11,CUST914,Electronics,1,500,500,0.05,34.92
915,2023-05-30,CUST915,Beauty,3,30,90,0.05,30.07
916,2023-12-24,CUST916,Electronics,1,50,50,0.05,3.62
917,2023-03-06,CUST917,Electronics,4,50,200,0.05,22.55
918,2023-11-23,CUST918,Electronics,3,30,90,0.05,6.34
919,2023-09-09,CUST919,Beauty,2,25,50,0.1,10.82
920,2023-02-22,CUST920,Beauty,3,25,75,0.05,21.2
921,2023-01-07,CUST921,Electronics,3,25,75,0.0,14.14
922,2023-10-21,CUST922,Electronics,1,50,50,0.15,-2.5
923,2023-05-26,CUST923,Beauty,3,300,900,0.05,225.48
924,2023-08-29,CUST924,Beauty,2,50,100,0.2,5.16
925,2023-09-03,CUST925,Electronics,1,300,300,0.0,35.21
926,2023-08-14,CUST926,Electronics,1,30,30,0.1,0.17
927,2023-06-24,CUST927,Electronics,4,500,2000,0.05,83.13
928,2023-04-05,CUST928,Clothing,4,300,1200,0.15,57.57
929,2023-01-27,CUST929,Beauty,3,25,75,0.0,21.72
930,2023-05-10,CUST930,Clothing,4,50,200,0.2,-4.11
931,2023-09-02,CUST931,Beauty,4,30,120,0.05,39.12
932,2023-02-28,CUST932,Beauty,4,25,100,0.1,24.21
933,2023-02-03,CUST933,Beauty,1,30,30,0.05,8.87
934,2023-07-25,CUST934,Beauty,1,500,500,0.0,159.96
935,2023-09-09,CUST935,Beauty,1,50,50,0.05,12.2
936,2023-02-07,CUST936,Beauty,4,50,200,0.0,63.17
937,2023-10-23,CUST937,Beauty,1,500,500,0.05,144.35
938,2023-11-19,CUST938,Clothing,4,50,200,0.1,31.21
939,2023-12-18,CUST939,Electronics,1,300,300,0.05,35.12
940,2023-01-28,CUST940,Electronics,1,30,30,0.0,5.07
941,2023-03-19,CUST941,Clothing,2,25,50,0.0,11.39
942,2023-03-18,CUST942,Clothing,3,500,1500,0.0,376.1
943,2023-10-16,CUST943,Clothing,4,300,1200,0.0,288.43
944,2023-06-05,CUST944,Clothing,2,25,50,0.1,6.2
945,2023-02-13,CUST945,Beauty,1,25,25,0.0,10.28
946,2023-05-08,CUST946,Electronics,4,500,2000,0.2,-100.0
947,2023-03-02,CUST947,Beauty,1,300,300,0.0,102.89
948,2023-10-13,CUST948,Electronics,3,25,75,0.0,13.98
949,2023-08-02,CUST949,Electronics,2,25,50,0.15,-2.5
950,2023-11-07,CUST950,Clothing,3,300,900,0.0,207.62
951,2023-11-02,CUST951,Beauty,2,50,100,0.05,27.41
952,2023-11-13,CUST952,Clothing,1,25,25,0.2,0.08
953,2023-04-26,CUST953,Beauty,3,30,90,0.2,5.59
954,2023-09-25,CUST954,Electronics,3,300,900,0.1,43.07
955,2023-07-14,CUST955,Clothing,1,25,25,0.0,6.75
956,2023-08-19,CUST956,Clothing,3,500,1500,0.1,217.88
957,2023-08-15,CUST957,Electronics,4,30,120,0.25,-6.0
958,2023-06-02,CUST958,Electronics,2,25,50,0.2,-2.5
959,2023-10-29,CUST959,Electronics,2,30,60,0.0,7.38
960,2023-08-08,CUST960,Clothing,2,30,60,0.05,10.8
961,2023-06-06,CUST961,Beauty,4,50,200,0.05,70.92
962,2023-10-19,CUST962,Clothing,2,30,60,0.0,15.17
963,2023-11-14,CUST963,Beauty,1,50,50,0.1,9.72
964,2023-01-31,CUST964,Clothing,3,300,900,0.0,229.87
965,2023-11-09,CUST965,Clothing,4,50,200,0.05,29.89
966,2023-02-20,CUST966,Electronics,2,500,1000,0.0,114.03
967,2023-04-17,CUST967,Beauty,1,25,25,0.05,6.47
968,2023-11-17,CUST968,Clothing,3,300,900,0.0,213.0
969,2023-04-19,CUST969,Clothing,3,300,900,0.05,196.3
970,2023-05-16,CUST970,Electronics,4,500,2000,0.0,334.7
971,2023-12-05,CUST971,Electronics,4,50,200,0.2,-10.0
972,2023-02-11,CUST972,Beauty,4,25,100,0.0,31.7
973,2023-03-22,CUST973,Clothing,1,50,50,0.05,8.69
974,2023-05-03,CUST974,Beauty,1,30,30,0.0,10.74
975,2023-03-30,CUST975,Clothing,4,50,200,0.0,46.23
976,2023-10-10,CUST976,Beauty,2,300,600,0.0,204.99
977,2023-02-08,CUST977,Electronics,3,25,75,0.0,12.24
978,2023-03-22,CUST978,Clothing,3,50,150,0.0,35.93
979,2023-01-02,CUST979,Beauty,1,25,25,0.05,7.42
980,2023-07-29,CUST980,Electronics,3,25,75,0.1,5.83
981,2023-08-19,CUST981,Electronics,2,30,60,0.0,8.69
982,2023-12-19,CUST982,Beauty,3,30,90,0.05,29.28
983,2023-11-01,CUST983,Clothing,1,300,300,0.1,44.03
984,2023-08-29,CUST984,Clothing,1,500,500,0.0,102.99
985,2023-05-30,CUST985,Electronics,2,25,50,0.05,2.85
986,2023-01-17,CUST986,Clothing,2,500,1000,0.0,224.99
987,2023-04-29,CUST987,Clothing,3,300,900,0.0,201.92
988,2023-05-28,CUST988,Clothing,3,25,75,0.05,14.05
989,2023-12-28,CUST989,Electronics,1,25,25,0.25,-1.25
990,2023-05-25,CUST990,Beauty,2,500,1000,0.25,87.65
991,2023-12-26,CUST991,Clothing,2,50,100,0.25,-4.08
992,2023-08-21,CUST992,Electronics,2,30,60,0.05,4.6
993,2023-02-06,CUST993,Electronics,3,50,150,0.0,13.13
994,2023-12-18,CUST994,Beauty,2,500,1000,0.05,292.12
995,2023-04-30,CUST995,Clothing,1,30,30,0.0,7.52
996,2023-05-16,CUST996,Clothing,1,50,50,0.0,12.77
997,2023-11-17,CUST997,Beauty,3,30,90,0.0,37.19
998,2023-10-29,CUST998,Beauty,4,25,100,0.05,32.72
999,2023-12-05,CUST999,Electronics,3,50,150,0.05,17.03
1000,2023-04-12,CUST1000,Electronics,4,30,120,0.0,14.54
